"Country","Year","CO2_Mt"
"Australia",1990,276.13755043009
"Austria",1990,62.0177458329137
"Belarus",1990,103.806847084184
"Belgium",1990,118.988821723154
"Bulgaria",1990,80.2316471584528
"Canada",1990,459.037980108462
"Croatia",1990,23.3395636565839
"Cyprus",1990,4.6268751645281
"Czech Republic",1990,164.694160631729
"Denmark",1990,54.2002421712063
"Estonia",1990,36.7008323480168
"European Union (15)",1990,3368.80586667994
"European Union (28)",1990,4437.02849285093
"Finland",1990,56.6441714840891
"France",1990,398.76992441227
"Germany",1990,1042.06570236677
"Greece",1990,82.9978088744445
"Hungary",1990,72.4752085595466
"Iceland",1990,2.1601075945721
"Ireland",1990,32.4239890226293
"Italy",1990,434.656301607363
"Japan",1990,1141.13773503063
"Latvia",1990,19.0524595222279
"Liechtenstein",1990,0.200812906333641
"Lithuania",1990,35.7855409763321
"Luxembourg",1990,11.950291698634
"Malta",1990,1.8667576302315
"Monaco",1990,0.105474357042894
"Netherlands",1990,159.235886802126
"New Zealand",1990,24.9158942956438
"Norway",1990,34.8949930200937
"Poland",1990,374.81203534107
"Portugal",1990,45.1045298815376
"Romania",1990,178.134394071183
"Russian Federation",1990,2509.80241987816
"Slovakia",1990,61.8054945307795
"Slovenia",1990,14.7919774561286
"Spain",1990,227.508028172871
"Sweden",1990,57.1425224295137
"Switzerland",1990,44.6393139867426
"Turkey",1990,141.560045849154
"Ukraine",1990,723.085642626106
"United Kingdom",1990,591.499317778112
"United States",1990,5100.6059248958
"Australia",1991,277.590304796355
"Austria",1991,65.6020516159694
"Belarus",1991,97.4753616930484
"Belgium",1991,121.446555763515
"Bulgaria",1991,61.489102248746
"Canada",1991,450.126598216897
"Croatia",1991,17.3614327744996
"Cyprus",1991,5.07023489045468
"Czech Republic",1991,154.180332469863
"Denmark",1991,64.8620112019525
"Estonia",1991,33.6954845421777
"European Union (15)",1991,3394.85446167506
"European Union (28)",1991,4378.85003844763
"Finland",1991,55.0656410079013
"France",1991,423.121697334592
"Germany",1991,1004.73532608017
"Greece",1991,82.7680640903737
"Hungary",1991,68.8243209771972
"Iceland",1991,2.09015637407035
"Ireland",1991,33.2063215322051
"Italy",1991,434.156414609587
"Japan",1991,1150.07146452193
"Latvia",1991,17.478512042559
"Liechtenstein",1991,0.208025264526807
"Lithuania",1991,37.8910239201009
"Luxembourg",1991,12.4719599809147
"Malta",1991,2.04225571539573
"Monaco",1991,0.106373899854625
"Netherlands",1991,164.23895518213
"New Zealand",1991,25.5647279201526
"Norway",1991,33.4343176022914
"Poland",1991,372.751835907737
"Portugal",1991,46.7772666862257
"Romania",1991,146.153086954441
"Russian Federation",1991,2362.80928495694
"Slovakia",1991,53.3689217374788
"Slovenia",1991,13.7802872222324
"Spain",1991,237.179970245347
"Sweden",1991,57.4402530875865
"Switzerland",1991,46.3685794207108
"Turkey",1991,148.545687225698
"Ukraine",1991,621.681914394077
"United Kingdom",1991,598.323317401187
"United States",1991,5050.47763180197
"Australia",1992,282.530155625606
"Austria",1992,60.1002059339239
"Belarus",1992,90.0602118063315
"Belgium",1992,119.908986846801
"Bulgaria",1992,57.9018059866364
"Canada",1992,464.396338818655
"Croatia",1992,16.7148318134475
"Cyprus",1992,5.41322236742242
"Czech Republic",1992,139.816587426337
"Denmark",1992,59.1213407588551
"Estonia",1992,24.2086047352599
"European Union (15)",1992,3319.12720062139
"European Union (28)",1992,4220.16045044239
"Finland",1992,54.2150153153598
"France",1992,413.020514391774
"Germany",1992,957.56177482713
"Greece",1992,84.4367143149717
"Hungary",1992,61.8425313372118
"Iceland",1992,2.21610367675827
"Ireland",1992,33.074160237467
"Italy",1992,433.867570083608
"Japan",1992,1158.54441263423
"Latvia",1992,14.0032829038032
"Liechtenstein",1992,0.208562682466176
"Lithuania",1992,21.2129822652504
"Luxembourg",1992,12.2421854399653
"Malta",1992,2.14670821969583
"Monaco",1992,0.112934945231402
"Netherlands",1992,162.316089345836
"New Zealand",1992,27.4789743311649
"Norway",1992,34.2373548770506
"Poland",1992,363.232779253488
"Portugal",1992,51.051781936788
"Romania",1992,132.039851670759
"Russian Federation",1992,1945.44128519935
"Slovakia",1992,48.9028262888927
"Slovenia",1992,13.6909748845137
"Spain",1992,245.814280993167
"Sweden",1992,57.2147697156774
"Switzerland",1992,46.2584965088645
"Turkey",1992,154.174573907813
"Ukraine",1992,545.035056800958
"United Kingdom",1992,581.82805881997
"United States",1992,5156.78129635081
"Australia",1993,286.804381538643
"Austria",1993,60.4821678995983
"Belarus",1993,77.2042069269385
"Belgium",1993,118.912127355954
"Bulgaria",1993,58.446960931041
"Canada",1993,463.885902289233
"Croatia",1993,17.1705098700788
"Cyprus",1993,5.67547991277736
"Czech Republic",1993,135.7644506299
"Denmark",1993,61.2730927361988
"Estonia",1993,18.8010819140749
"European Union (15)",1993,3265.72213838096
"European Union (28)",1993,4142.06805830604
"Finland",1993,56.1239642556562
"France",1993,391.484709300452
"Germany",1993,948.683970141992
"Greece",1993,83.742306272163
"Hungary",1993,62.903063651754
"Iceland",1993,2.33933744538672
"Ireland",1993,33.2068109228298
"Italy",1993,427.170177086798
"Japan",1993,1150.8771481944
"Latvia",1993,11.737286450659
"Liechtenstein",1993,0.216614487825922
"Lithuania",1993,16.3573539636351
"Luxembourg",1993,12.3638971706258
"Malta",1993,2.14266707324583
"Monaco",1993,0.112872518744531
"Netherlands",1993,166.712465411439
"New Zealand",1993,27.0469011790515
"Norway",1993,35.8699806866431
"Poland",1993,363.798153425627
"Portugal",1993,49.7507489050314
"Romania",1993,123.243691438238
"Russian Federation",1993,1846.49559045293
"Slovakia",1993,46.3441744724949
"Slovenia",1993,14.0543965170553
"Spain",1993,237.253308012773
"Sweden",1993,57.1082733183731
"Switzerland",1993,43.7177147816239
"Turkey",1993,162.756678283368
"Ukraine",1993,467.6474813371
"United Kingdom",1993,568.100277347773
"United States",1993,5267.71094510955
"Australia",1994,291.375934021178
"Austria",1994,60.8770851131219
"Belarus",1994,64.5062265402304
"Belgium",1994,123.400957185578
"Bulgaria",1994,56.2910767181399
"Canada",1994,478.228784846447
"Croatia",1994,16.4983255669032
"Cyprus",1994,5.91486970117668
"Czech Republic",1994,126.754617433038
"Denmark",1994,65.2269423294453
"Estonia",1994,19.6648628343461
"European Union (15)",1994,3268.48082331554
"European Union (28)",1994,4121.26977774919
"Finland",1994,61.4197906819836
"France",1994,391.681738156853
"Germany",1994,932.485181548122
"Greece",1994,85.9971646832779
"Hungary",1994,61.2041761474566
"Iceland",1994,2.28694037593239
"Ireland",1994,34.4223206026359
"Italy",1994,419.903977854655
"Japan",1994,1210.66044353804
"Latvia",1994,10.227653888985
"Liechtenstein",1994,0.202622537328438
"Lithuania",1994,15.7508196901529
"Luxembourg",1994,11.5501893989543
"Malta",1994,2.25411098527547
"Monaco",1994,0.114776156831198
"Netherlands",1994,166.672971728255
"New Zealand",1994,27.1769092211177
"Norway",1994,37.7800141704963
"Poland",1994,359.432552443298
"Portugal",1994,50.4170945485854
"Romania",1994,121.128309304502
"Russian Federation",1994,1632.52210776253
"Slovakia",1994,43.5784394329945
"Slovenia",1994,14.1887965075564
"Spain",1994,249.451667225846
"Sweden",1994,59.564714012491
"Switzerland",1994,42.9810955527889
"Turkey",1994,161.01388750566
"Ukraine",1994,405.239889810261
"United Kingdom",1994,562.061107967888
"United States",1994,5354.40358002304
"Australia",1995,302.576426107011
"Austria",1995,63.9240400712611
"Belarus",1995,57.5997727827049
"Belgium",1995,124.32362444901
"Bulgaria",1995,58.0430781686546
"Canada",1995,490.945824896465
"Croatia",1995,17.2137579927987
"Cyprus",1995,5.77669425601763
"Czech Republic",1995,128.908974373049
"Denmark",1995,62.0614455856631
"Estonia",1995,17.9978273376064
"European Union (15)",1995,3307.0784060838
"European Union (28)",1995,4169.43230004631
"Finland",1995,57.8963051563167
"France",1995,398.480583676165
"Germany",1995,930.857027480564
"Greece",1995,86.4417244880642
"Hungary",1995,61.330490175411
"Iceland",1995,2.3182230036834
"Ireland",1995,35.2325418959109
"Italy",1995,444.943678141174
"Japan",1995,1223.68732578987
"Latvia",1995,9.03541122613489
"Liechtenstein",1995,0.205645198477601
"Lithuania",1995,15.0626512909996
"Luxembourg",1995,9.21007657259026
"Malta",1995,2.21302722378918
"Monaco",1995,0.111851760030227
"Netherlands",1995,170.737942004046
"New Zealand",1995,27.306605707198
"Norway",1995,37.8505272289533
"Poland",1995,360.9756255277
"Portugal",1995,54.4489408549109
"Romania",1995,126.316397358689
"Russian Federation",1995,1582.13959649231
"Slovakia",1995,44.5746027385111
"Slovenia",1995,15.0110670453638
"Spain",1995,262.860032571453
"Sweden",1995,58.9695921984716
"Switzerland",1995,43.6834521107958
"Turkey",1995,174.087091271693
"Ukraine",1995,362.624578254935
"United Kingdom",1995,553.701859201489
"United States",1995,5416.60762036848
"Australia",1996,309.524262620784
"Austria",1996,67.3652950535479
"Belarus",1996,58.5537929401369
"Belgium",1996,128.35409051966
"Bulgaria",1996,58.3959279999608
"Canada",1996,507.307406160761
"Croatia",1996,17.845367968882
"Cyprus",1996,6.12063794429768
"Czech Republic",1996,133.235397753957
"Denmark",1996,75.4707448784487
"Estonia",1996,18.7082060591108
"European Union (15)",1996,3381.61793435013
"European Union (28)",1996,4270.2850766004
"Finland",1996,63.6992137541428
"France",1996,411.302866268069
"Germany",1996,951.863479750087
"Greece",1996,88.5264985662814
"Hungary",1996,62.6865753461186
"Iceland",1996,2.40741097181775
"Ireland",1996,36.839948833345
"Italy",1996,438.303362837708
"Japan",1996,1236.58183589929
"Latvia",1996,9.12378692272072
"Liechtenstein",1996,0.207294712073978
"Lithuania",1996,15.7130608787164
"Luxembourg",1996,9.25884901272681
"Malta",1996,2.26519907055279
"Monaco",1996,0.116108985060305
"Netherlands",1996,177.695859078542
"New Zealand",1996,28.5822328341581
"Norway",1996,41.107795756077
"Poland",1996,374.430768604875
"Portugal",1996,51.8247741133228
"Romania",1996,129.618143124342
"Russian Federation",1996,1543.09759020901
"Slovakia",1996,44.9536170410719
"Slovenia",1996,15.6781433012721
"Spain",1996,250.543226235088
"Sweden",1996,62.7303350958032
"Switzerland",1996,44.3404477027784
"Turkey",1996,192.199467147606
"Ukraine",1996,326.003566517692
"United Kingdom",1996,575.026951729249
"United States",1996,5604.99149035485
"Australia",1997,317.772252928614
"Austria",1997,67.1624899638506
"Belarus",1997,59.8679508703234
"Belgium",1997,122.723095948115
"Bulgaria",1997,55.6259105351208
"Canada",1997,521.281689180148
"Croatia",1997,18.938626571018
"Cyprus",1997,6.22158591256927
"Czech Republic",1997,129.712823371825
"Denmark",1997,66.1453121889052
"Estonia",1997,18.2537790483664
"European Union (15)",1997,3319.21074511193
"European Union (28)",1997,4179.31081463123
"Finland",1997,62.3554001810309
"France",1997,404.884776573426
"Germany",1997,923.080153037174
"Greece",1997,93.3076160895173
"Hungary",1997,61.3826697310206
"Iceland",1997,2.49574582171733
"Ireland",1997,38.2556792860594
"Italy",1997,442.37170142809
"Japan",1997,1231.47752961088
"Latvia",1997,8.59525281466207
"Liechtenstein",1997,0.219710710773386
"Lithuania",1997,15.1178791275491
"Luxembourg",1997,8.56109758812267
"Malta",1997,2.25526783388477
"Monaco",1997,0.116288944120852
"Netherlands",1997,171.546186104637
"New Zealand",1997,30.5223844870928
"Norway",1997,41.2119017901985
"Poland",1997,365.45953738136
"Portugal",1997,54.6885706808793
"Romania",1997,118.467615237592
"Russian Federation",1997,1466.77050948786
"Slovakia",1997,44.1902867990396
"Slovenia",1997,15.9909345606492
"Spain",1997,263.303696186758
"Sweden",1997,57.6313671394916
"Switzerland",1997,43.514015733203
"Turkey",1997,205.366374634081
"Ukraine",1997,311.49779506572
"United Kingdom",1997,550.525206333757
"United States",1997,5678.07472581194
"Australia",1998,331.123226303312
"Austria",1998,66.74398410456
"Belarus",1998,58.0648499543183
"Belgium",1998,128.96639489366
"Bulgaria",1998,52.6356938846166
"Canada",1998,530.103855473228
"Croatia",1998,19.6340320535239
"Cyprus",1998,6.51678625275829
"Czech Republic",1998,123.157113399468
"Denmark",1998,62.0704836571641
"Estonia",1998,16.6752213388796
"European Union (15)",1998,3368.51043693925
"European Union (28)",1998,4175.86474292209
"Finland",1998,59.0755368460467
"France",1998,426.564526573154
"Germany",1998,915.176529428969
"Greece",1998,98.2055103495973
"Hungary",1998,60.9753997389195
"Iceland",1998,2.50500047434596
"Ireland",1998,40.2707285267227
"Italy",1998,453.524083091103
"Japan",1998,1195.87014889583
"Latvia",1998,8.21092906031961
"Liechtenstein",1998,0.230582352939017
"Lithuania",1998,15.9285050324997
"Luxembourg",1998,7.6725691802051
"Malta",1998,2.25863032228935
"Monaco",1998,0.114077174221043
"Netherlands",1998,173.381141390814
"New Zealand",1998,29.0326199910844
"Norway",1998,41.4363808637135
"Poland",1998,338.295795167524
"Portugal",1998,59.243137692522
"Romania",1998,103.798003759056
"Russian Federation",1998,1440.97198674204
"Slovakia",1998,43.6522355458145
"Slovenia",1998,15.7307426799151
"Spain",1998,271.515038190887
"Sweden",1998,58.25181313764
"Switzerland",1998,44.8118763824871
"Turkey",1998,204.502547597763
"Ukraine",1998,310.280590133481
"United Kingdom",1998,555.499532699787
"United States",1998,5716.13998885301
"Australia",1999,340.605442481303
"Austria",1999,65.3431733476032
"Belarus",1999,55.404108045775
"Belgium",1999,123.447559434761
"Bulgaria",1999,46.1574179488004
"Canada",1999,545.793412944435
"Croatia",1999,20.5453042825423
"Cyprus",1999,6.78668097441057
"Czech Republic",1999,116.279354056721
"Denmark",1999,59.5172039288609
"Estonia",1999,15.5231591122389
"European Union (15)",1999,3344.79843650338
"European Union (28)",1999,4109.80008935463
"Finland",1999,58.6573209416949
"France",1999,418.193179052114
"Germany",1999,887.890660248581
"Greece",1999,97.494147161175
"Hungary",1999,61.2834709963426
"Iceland",1999,2.71012074274961
"Ireland",1999,41.9070293657345
"Italy",1999,458.824817013632
"Japan",1999,1230.79726544516
"Latvia",1999,7.61125287422143
"Liechtenstein",1999,0.229369031293071
"Lithuania",1999,13.4507667508967
"Luxembourg",1999,8.07707714621036
"Malta",1999,2.34808313052262
"Monaco",1999,0.114814998272877
"Netherlands",1999,167.802801388129
"New Zealand",1999,30.5451032640425
"Norway",1999,42.1813884009997
"Poland",1999,328.870879828526
"Portugal",1999,66.9844670496068
"Romania",1999,88.2688374791923
"Russian Federation",1999,1478.00241472206
"Slovakia",1999,42.882228735827
"Slovenia",1999,15.1043575178372
"Spain",1999,294.901826515372
"Sweden",1999,55.2911294457041
"Switzerland",1999,44.8937127255724
"Turkey",1999,203.847006986146
"Ukraine",1999,303.741782065654
"United Kingdom",1999,548.047972483874
"United States",1999,5789.22494240668
"Australia",2000,346.620850701133
"Austria",2000,65.9928590378552
"Belarus",2000,53.3192758336217
"Belgium",2000,125.151695830944
"Bulgaria",2000,45.5227647955321
"Canada",2000,567.738251535782
"Croatia",2000,20.0995091611086
"Cyprus",2000,7.03797246138793
"Czech Republic",2000,126.12977167497
"Denmark",2000,55.2772930881229
"Estonia",2000,15.1490868138814
"European Union (15)",2000,3375.08353091686
"European Union (28)",2000,4135.97967853668
"Finland",2000,56.8294979737245
"France",2000,415.079293154087
"Germany",2000,891.515535735075
"Greece",2000,102.571649933124
"Hungary",2000,58.0806495515284
"Iceland",2000,2.77591923911114
"Ireland",2000,44.6891820786839
"Italy",2000,462.277690863043
"Japan",2000,1251.46072001118
"Latvia",2000,6.96818843109855
"Liechtenstein",2000,0.222669250430481
"Lithuania",2000,11.8338096809657
"Luxembourg",2000,8.77982604109253
"Malta",2000,2.34518910654928
"Monaco",2000,0.112813354099481
"Netherlands",2000,169.920845092274
"New Zealand",2000,31.3109493477244
"Norway",2000,41.8647444120987
"Poland",2000,318.749132135524
"Portugal",2000,65.8661644493678
"Romania",2000,92.8569472203502
"Russian Federation",2000,1479.1932431837
"Slovakia",2000,41.0326943575698
"Slovenia",2000,15.2134943691882
"Spain",2000,308.026421393922
"Sweden",2000,54.1336120850233
"Switzerland",2000,43.952158462714
"Turkey",2000,225.608568293464
"Ukraine",2000,294.869847574209
"United Kingdom",2000,556.667160811471
"United States",2000,5963.06328793079
"Australia",2001,354.266498789713
"Austria",2001,70.0293118293794
"Belarus",2001,52.3470309245399
"Belgium",2001,125.136436425223
"Bulgaria",2001,49.2557702586115
"Canada",2001,561.253209970605
"Croatia",2001,21.0407601512246
"Cyprus",2001,6.90686412037924
"Czech Republic",2001,126.11256970221
"Denmark",2001,57.0492748229395
"Estonia",2001,15.5034777258814
"European Union (15)",2001,3432.93883927641
"European Union (28)",2001,4205.7635993947
"Finland",2001,62.0677070043074
"France",2001,416.267009719617
"Germany",2001,907.541968227503
"Greece",2001,104.97573110964
"Hungary",2001,59.4880136039771
"Iceland",2001,2.77327995793049
"Ireland",2001,47.0983273071484
"Italy",2001,468.283969860185
"Japan",2001,1236.32051793082
"Latvia",2001,7.3949095406747
"Liechtenstein",2001,0.220227785353134
"Lithuania",2001,12.555830541008
"Luxembourg",2001,9.29578575944541
"Malta",2001,2.46484082391666
"Monaco",2001,0.113880505040393
"Netherlands",2001,175.691964223673
"New Zealand",2001,33.4081416596601
"Norway",2001,43.1964542921132
"Poland",2001,314.937704933291
"Portugal",2001,65.5641215725969
"Romania",2001,97.8507813802862
"Russian Federation",2001,1499.24972203737
"Slovakia",2001,43.306077574746
"Slovenia",2001,16.1249605645705
"Spain",2001,308.786441314706
"Sweden",2001,55.0664093915179
"Switzerland",2001,44.904292769812
"Turkey",2001,209.15451214113
"Ukraine",2001,300.317414974964
"United Kingdom",2001,567.904298669384
"United States",2001,5866.46016957761
"Australia",2002,358.296261754484
"Austria",2002,71.7476255212724
"Belarus",2002,52.5288023054898
"Belgium",2002,125.459391260031
"Bulgaria",2002,46.2603296748379
"Canada",2002,566.954241515965
"Croatia",2002,22.110859731098
"Cyprus",2002,7.10288561936569
"Czech Republic",2002,123.171674065768
"Denmark",2002,56.5683226042316
"Estonia",2002,15.0094171007426
"European Union (15)",2002,3425.9001571965
"European Union (28)",2002,4179.71350299525
"Finland",2002,64.5750415292628
"France",2002,412.019702815722
"Germany",2002,890.875927289321
"Greece",2002,104.714343158058
"Hungary",2002,58.4986879931901
"Iceland",2002,2.86285877258034
"Ireland",2002,45.6761224375928
"Italy",2002,470.53085718054
"Japan",2002,1273.39659932864
"Latvia",2002,7.41138797498227
"Liechtenstein",2002,0.225037661595191
"Lithuania",2002,12.6538717545602
"Luxembourg",2002,10.057100730345
"Malta",2002,2.48479721991986
"Monaco",2002,0.111820754572286
"Netherlands",2002,175.991026439265
"New Zealand",2002,33.5916702028095
"Norway",2002,42.364173493563
"Poland",2002,303.506405174206
"Portugal",2002,69.3524663214508
"Romania",2002,98.331406163444
"Russian Federation",2002,1500.32194644385
"Slovakia",2002,41.1143759669799
"Slovenia",2002,16.2761897776855
"Spain",2002,328.878655534622
"Sweden",2002,55.9973487992507
"Switzerland",2002,43.8441164296568
"Turkey",2002,218.193903062146
"Ukraine",2002,303.753668500756
"United Kingdom",2002,551.553093360766
"United States",2002,5906.90691572729
"Australia",2003,364.605103596283
"Austria",2003,77.8009919749397
"Belarus",2003,52.8913238659176
"Belgium",2003,127.275932359834
"Bulgaria",2003,50.5045299071831
"Canada",2003,584.115807680549
"Croatia",2003,23.5341385541894
"Cyprus",2003,7.48398857308571
"Czech Republic",2003,126.599572793417
"Denmark",2003,61.7604411836882
"Estonia",2003,16.8364038070013
"European Union (15)",2003,3491.98078699108
"European Union (28)",2003,4276.58573472403
"Finland",2003,72.365650546623
"France",2003,420.492784442904
"Germany",2003,893.59993132662
"Greece",2003,108.788754835874
"Hungary",2003,61.142817422654
"Iceland",2003,2.85460113702715
"Ireland",2003,45.1512296761994
"Italy",2003,486.559675347127
"Japan",2003,1278.50500203158
"Latvia",2003,7.62274331527056
"Liechtenstein",2003,0.234124317012601
"Lithuania",2003,12.6508543128303
"Luxembourg",2003,10.4161922112513
"Malta",2003,2.66368344319267
"Monaco",2003,0.106526947580852
"Netherlands",2003,179.582912819164
"New Zealand",2003,35.354179491966
"Norway",2003,43.7258536000437
"Poland",2003,315.455194003665
"Portugal",2003,64.1831735838615
"Romania",2003,102.229400834614
"Russian Federation",2003,1530.48679887714
"Slovakia",2003,41.9616832361949
"Slovenia",2003,16.0347540873124
"Spain",2003,333.168011203581
"Sweden",2003,56.6121449354846
"Switzerland",2003,45.025366428259
"Turkey",2003,232.804283022951
"Ukraine",2003,319.469950580912
"United Kingdom",2003,562.296790079811
"United States",2003,5955.61136097039
"Australia",2004,376.669863865794
"Austria",2004,78.229223152151
"Belarus",2004,56.2584978525714
"Belgium",2004,128.07191610939
"Bulgaria",2004,49.4329554438322
"Canada",2004,583.133019246873
"Croatia",2004,23.1594151043639
"Cyprus",2004,7.71304804144759
"Czech Republic",2004,127.570630353575
"Denmark",2004,56.2782506548159
"Estonia",2004,17.0842133384259
"European Union (15)",2004,3500.63589375034
"European Union (28)",2004,4286.72714974406
"Finland",2004,68.485938978789
"France",2004,422.201901116319
"Germany",2004,881.74339619513
"Greece",2004,109.112690213462
"Hungary",2004,59.8515697277277
"Iceland",2004,2.92644403789662
"Ireland",2004,45.8054844102153
"Italy",2004,489.367011123255
"Japan",2004,1277.88364358244
"Latvia",2004,7.655548119871
"Liechtenstein",2004,0.233958190268987
"Lithuania",2004,13.225977354689
"Luxembourg",2004,11.8534354128043
"Malta",2004,2.61859118719705
"Monaco",2004,0.100043320582069
"Netherlands",2004,180.985427489431
"New Zealand",2004,34.9281115518832
"Norway",2004,44.1359704989849
"Poland",2004,319.291942632384
"Portugal",2004,66.8337999146976
"Romania",2004,99.9102930260014
"Russian Federation",2004,1533.07643534601
"Slovakia",2004,42.3045936041252
"Slovenia",2004,16.3924619119274
"Spain",2004,350.071262559516
"Sweden",2004,55.7731778916857
"Switzerland",2004,45.6499158421024
"Turkey",2004,243.594423944962
"Ukraine",2004,321.170914842582
"United Kingdom",2004,563.962123323438
"United States",2004,6074.04078697524
"Australia",2005,380.440454307065
"Austria",2005,79.392936864341
"Belarus",2005,56.6697678604047
"Belgium",2005,124.343567875773
"Bulgaria",2005,50.3044490491773
"Canada",2005,576.74088751386
"Croatia",2005,23.5013757963522
"Cyprus",2005,7.85789299270951
"Czech Republic",2005,126.155764191042
"Denmark",2005,52.6382799471583
"Estonia",2005,16.4217448866272
"European Union (15)",2005,3477.56155099243
"European Union (28)",2005,4262.33586432896
"Finland",2005,56.5324004363062
"France",2005,425.740652383757
"Germany",2005,861.733422930773
"Greece",2005,112.894369870603
"Hungary",2005,59.9463300845584
"Iceland",2005,2.85293366181055
"Ireland",2005,47.6268544616127
"Italy",2005,488.078042670016
"Japan",2005,1282.12844525735
"Latvia",2005,7.74497473435805
"Liechtenstein",2005,0.233459818797046
"Lithuania",2005,13.9848513898497
"Luxembourg",2005,12.1066676017925
"Malta",2005,2.70402677893483
"Monaco",2005,0.0987138580269192
"Netherlands",2005,175.911937135536
"New Zealand",2005,36.4012909091384
"Norway",2005,43.3006361840595
"Poland",2005,318.387033243738
"Portugal",2005,69.3454768768787
"Romania",2005,99.286384847682
"Russian Federation",2005,1533.82139201132
"Slovakia",2005,41.9004600532131
"Slovenia",2005,16.693701533006
"Spain",2005,365.478374742517
"Sweden",2005,53.1917496275433
"Switzerland",2005,46.2899915639575
"Turkey",2005,259.790999615478
"Ukraine",2005,322.267951229982
"United Kingdom",2005,561.101508242486
"United States",2005,6103.29389863585
"Australia",2006,385.969335512356
"Austria",2006,76.6330825399675
"Belarus",2006,59.1284617708979
"Belgium",2006,121.537095708926
"Bulgaria",2006,51.688938573915
"Canada",2006,571.751482247666
"Croatia",2006,23.7338758190482
"Cyprus",2006,8.03621083077309
"Czech Republic",2006,126.95797653754
"Denmark",2006,60.6088648729208
"Estonia",2006,15.8430531308695
"European Union (15)",2006,3469.78286127162
"European Union (28)",2006,4274.36136112539
"Finland",2006,67.9432075722785
"France",2006,416.414049978852
"Germany",2006,873.246590920058
"Greece",2006,111.383527249368
"Hungary",2006,59.4783459225339
"Iceland",2006,3.02932084291759
"Ireland",2006,47.2271862404674
"Italy",2006,483.533583963743
"Japan",2006,1262.97073171653
"Latvia",2006,8.226477812249
"Liechtenstein",2006,0.234980936064317
"Lithuania",2006,14.3588814576742
"Luxembourg",2006,11.9683496905835
"Malta",2006,2.67100630638972
"Monaco",2006,0.0893357199207314
"Netherlands",2006,172.303556335769
"New Zealand",2006,36.3431716588748
"Norway",2006,43.6954795984378
"Poland",2006,331.30602514961
"Portugal",2006,64.7416513892057
"Romania",2006,103.978941492496
"Russian Federation",2006,1591.4593395457
"Slovakia",2006,41.5230067866187
"Slovenia",2006,16.8972246547544
"Spain",2006,356.712138771741
"Sweden",2006,53.1579420036125
"Switzerland",2006,45.9106861673141
"Turkey",2006,277.260920860205
"Ukraine",2006,338.97149116245
"United Kingdom",2006,561.128448662774
"United States",2006,6026.4939408469
"Australia",2007,393.918320543943
"Austria",2007,73.9800717416656
"Belarus",2007,58.2799968352698
"Belgium",2007,117.069440884146
"Bulgaria",2007,55.4658385707965
"Canada",2007,594.659042967168
"Croatia",2007,25.0183448280777
"Cyprus",2007,8.31085744533989
"Czech Republic",2007,127.237236339574
"Denmark",2007,55.8602512451234
"Estonia",2007,18.8734630351374
"European Union (15)",2007,3412.15075450429
"European Union (28)",2007,4223.51754002986
"Finland",2007,66.2432681802779
"France",2007,407.254457588578
"Germany",2007,848.54894100082
"Greece",2007,113.848648398782
"Hungary",2007,58.0121041239437
"Iceland",2007,3.28640514213235
"Ireland",2007,47.2136185809137
"Italy",2007,475.436363161758
"Japan",2007,1296.15464859435
"Latvia",2007,8.54272273688053
"Liechtenstein",2007,0.204587709653028
"Lithuania",2007,15.7215186170367
"Luxembourg",2007,11.3816249910961
"Malta",2007,2.75688976607704
"Monaco",2007,0.0921344152778429
"Netherlands",2007,172.406658083575
"New Zealand",2007,35.6475674597003
"Norway",2007,45.5336823380189
"Poland",2007,331.556563547065
"Portugal",2007,62.0180830530583
"Romania",2007,103.234978482886
"Russian Federation",2007,1588.25762859806
"Slovakia",2007,39.7241019453767
"Slovenia",2007,17.0342962827071
"Spain",2007,363.744011924906
"Sweden",2007,52.0271552393531
"Switzerland",2007,43.9305894529901
"Turkey",2007,308.648585768041
"Ukraine",2007,342.145224679957
"United Kingdom",2007,554.251605631689
"United States",2007,6116.44139463552
"Australia",2008,399.084150921738
"Austria",2008,73.8044841043049
"Belarus",2008,60.3287021074617
"Belgium",2008,119.452549127185
"Bulgaria",2008,53.7077678329384
"Canada",2008,576.574742314818
"Croatia",2008,23.7706950011449
"Cyprus",2008,8.47410348699266
"Czech Republic",2008,121.731453985661
"Denmark",2008,52.3329349283381
"Estonia",2008,17.3655531290102
"European Union (15)",2008,3333.39915226438
"European Union (28)",2008,4122.8657565182
"Finland",2008,57.993050344048
"France",2008,400.7203114626
"Germany",2008,851.111467397097
"Greece",2008,110.005376246687
"Hungary",2008,56.6995905856021
"Iceland",2008,3.60512782688253
"Ireland",2008,47.0057184873269
"Italy",2008,463.695604460503
"Japan",2008,1213.83168665182
"Latvia",2008,8.10634431594593
"Liechtenstein",2008,0.223345236650491
"Lithuania",2008,15.0792685898089
"Luxembourg",2008,11.2072024667241
"Malta",2008,2.71562306659993
"Monaco",2008,0.0900700427745809
"Netherlands",2008,175.171744661403
"New Zealand",2008,36.4733519269065
"Norway",2008,44.5443783067614
"Poland",2008,324.146029454919
"Portugal",2008,59.9072901922706
"Romania",2008,99.4177392233286
"Russian Federation",2008,1619.91848424044
"Slovakia",2008,40.3664729603591
"Slovenia",2008,18.0030088201357
"Spain",2008,333.181724742067
"Sweden",2008,49.9802927025757
"Switzerland",2008,45.4473424935588
"Turkey",2008,297.849958666726
"Ukraine",2008,326.011169414302
"United Kingdom",2008,536.733745424336
"United States",2008,5927.31544950421
"Australia",2009,398.668771306495
"Austria",2009,67.5677563333302
"Belarus",2009,56.8085653096507
"Belgium",2009,106.827260858918
"Bulgaria",2009,45.4168087950834
"Canada",2009,542.521191683249
"Croatia",2009,21.991100805847
"Cyprus",2009,8.20331784406112
"Czech Republic",2009,114.471945655186
"Denmark",2009,49.9361958399503
"Estonia",2009,14.1579801349413
"European Union (15)",2009,3063.83285031919
"European Union (28)",2009,3787.62913591723
"Finland",2009,55.0667301849475
"France",2009,381.992748846105
"Germany",2009,785.602586404153
"Greece",2009,103.712600407406
"Hungary",2009,51.0289930896404
"Iceland",2009,3.57183585067544
"Ireland",2009,41.7496451440317
"Italy",2009,414.809772732571
"Japan",2009,1141.46292722555
"Latvia",2009,7.4182650803843
"Liechtenstein",2009,0.209013433600181
"Lithuania",2009,12.8935832456294
"Luxembourg",2009,10.7033151738372
"Malta",2009,2.64261165500273
"Monaco",2009,0.085401920676357
"Netherlands",2009,169.902779205811
"New Zealand",2009,33.5131830868249
"Norway",2009,42.9661951071219
"Poland",2009,310.278974947199
"Portugal",2009,57.1157838216879
"Romania",2009,82.8106704499113
"Russian Federation",2009,1537.14760641121
"Slovakia",2009,36.5212110123332
"Slovenia",2009,16.0610974609596
"Spain",2009,293.73228519449
"Sweden",2009,46.5198419488673
"Switzerland",2009,44.2799161855378
"Turkey",2009,299.671210956326
"Ukraine",2009,275.876308152632
"United Kingdom",2009,487.442442411732
"United States",2009,5497.80317659457
"Australia",2010,399.364819131881
"Austria",2010,72.3661154842623
"Belarus",2010,58.2979649388867
"Belgium",2010,113.429206132109
"Bulgaria",2010,47.7213682159161
"Canada",2010,554.408239065805
"Croatia",2010,21.330405421746
"Cyprus",2010,7.83181940046552
"Czech Republic",2010,117.141139158422
"Denmark",2010,50.4199649145959
"Estonia",2010,17.8033203271495
"European Union (15)",2010,3156.5186404581
"European Union (28)",2010,3907.81582404233
"Finland",2010,63.4883028801327
"France",2010,391.075519077434
"Germany",2010,829.401504429575
"Greece",2010,96.758266726844
"Hungary",2010,51.6677157651076
"Iceland",2010,3.43180979494051
"Ireland",2010,41.2921316599516
"Italy",2010,424.993194750545
"Japan",2010,1191.06725327009
"Latvia",2010,8.50038493094325
"Liechtenstein",2010,0.194121874545687
"Lithuania",2010,13.6921654073696
"Luxembourg",2010,11.2551385370325
"Malta",2010,2.64036151577405
"Monaco",2010,0.0824310054334406
"Netherlands",2010,181.350840120187
"New Zealand",2010,33.450612573083
"Norway",2010,45.5614483253491
"Poland",2010,329.62248976014
"Portugal",2010,52.5881118521073
"Romania",2010,79.8798062610873
"Russian Federation",2010,1604.57381679957
"Slovakia",2010,37.4306076055995
"Slovenia",2010,16.1364062480862
"Spain",2010,280.377628207743
"Sweden",2010,52.2833598330097
"Switzerland",2010,45.9234156368928
"Turkey",2010,326.848503199068
"Ukraine",2010,292.138264901783
"United Kingdom",2010,504.997521743488
"United States",2010,5712.75663514865
"Australia",2011,398.161387216998
"Austria",2011,70.3536978482589
"Belarus",2011,55.3808539526664
"Belgium",2011,104.270663961327
"Bulgaria",2011,53.1973517553661
"Canada",2011,557.289690770926
"Croatia",2011,20.917997377185
"Cyprus",2011,7.56618596243801
"Czech Republic",2011,115.06925632889
"Denmark",2011,45.4754315826262
"Estonia",2011,18.42718626508
"European Union (15)",2011,3011.29264645629
"European Union (28)",2011,3767.42403126804
"Finland",2011,56.4033432652352
"France",2011,364.819414527446
"Germany",2011,810.441125597204
"Greece",2011,94.250733786131
"Hungary",2011,49.858693185935
"Iceland",2011,3.33274960648422
"Ireland",2011,37.7163376703119
"Italy",2011,413.379399020236
"Japan",2011,1240.63190656924
"Latvia",2011,7.75116291321601
"Liechtenstein",2011,0.179994715580553
"Lithuania",2011,14.0295390965837
"Luxembourg",2011,11.1383408585989
"Malta",2011,2.66787558907576
"Monaco",2011,0.0791987111623365
"Netherlands",2011,168.058337668572
"New Zealand",2011,33.2585172997987
"Norway",2011,44.5963613121458
"Poland",2011,327.722758060096
"Portugal",2011,51.2431003791312
"Romania",2011,85.604527382591
"Russian Federation",2011,1650.26731205649
"Slovakia",2011,37.2334646400671
"Slovenia",2011,16.1779060762436
"Spain",2011,280.922730045761
"Sweden",2011,48.4825160804472
"Switzerland",2011,41.8476458725146
"Turkey",2011,345.734258209307
"Ukraine",2011,306.534391729068
"United Kingdom",2011,464.036070706796
"United States",2011,5583.3793288005
"Australia",2012,397.830604734478
"Austria",2012,67.7334687320415
"Belarus",2012,57.4906893789905
"Belgium",2012,100.659380330391
"Bulgaria",2012,48.3639494743579
"Canada",2012,550.546593715945
"Croatia",2012,19.2332013113577
"Cyprus",2012,7.08282623292198
"Czech Republic",2012,111.301870996341
"Denmark",2012,40.7988241666276
"Estonia",2012,17.0792786066554
"European Union (15)",2012,2988.205015225
"European Union (28)",2012,3717.11678916627
"Finland",2012,50.7333331383154
"France",2012,368.845416937269
"Germany",2012,821.717692907618
"Greece",2012,90.4723858635033
"Hungary",2012,46.0723548692204
"Iceland",2012,3.32378723914389
"Ireland",2012,38.0113859053045
"Italy",2012,386.666727270396
"Japan",2012,1275.61069668751
"Latvia",2012,7.4348999819412
"Liechtenstein",2012,0.188560157641661
"Lithuania",2012,14.1824734231353
"Luxembourg",2012,10.8701084499782
"Malta",2012,2.80666159931711
"Monaco",2012,0.0832167003619569
"Netherlands",2012,165.261719880551
"New Zealand",2012,34.2581974169747
"Norway",2012,44.1231934569915
"Poland",2012,320.861667056632
"Portugal",2012,50.4117564215375
"Romania",2012,83.8605933819951
"Russian Federation",2012,1658.87205113477
"Slovakia",2012,35.3516283197534
"Slovenia",2012,15.6747586360792
"Spain",2012,276.636640085391
"Sweden",2012,45.7132518369276
"Switzerland",2012,43.250856321923
"Turkey",2012,357.498160863523
"Ukraine",2012,304.395380619013
"United Kingdom",2012,483.423634992152
"United States",2012,5375.00291255203
